patient,age,sex,height_cm,weight_kg,date,time,sbp,dbp,glucose_gl,glucose,glucose_state,hr,notes,label
0,72.0,F,,,2026-07-09,M,160.0,97.0,,,casuel,74.0,height/weight not on fiche; hr read from curve,high
0,72.0,F,,,2026-07-09,S,168.0,95.0,0.98,5.439730011767579,casuel,74.0,,high
0,72.0,F,,,2026-07-10,M,154.0,91.0,1.19,6.605386442860632,casuel,84.0,,moderate
0,72.0,F,,,2026-07-10,S,105.0,80.0,2.24,12.433668598325895,casuel,77.0,no glucose this slot,high
0,72.0,F,,,2026-07-11,M,169.0,96.0,1.5,8.326117364950376,casuel,74.0,,high
0,72.0,F,,,2026-07-11,S,170.0,95.0,2.19,12.156131352827549,casuel,98.0,,high
0,72.0,F,,,2026-07-12,M,161.0,91.0,0.88,4.884655520770887,casuel,80.0,,high
0,72.0,F,,,2026-07-12,S,174.0,99.0,1.07,5.9392970536646015,casuel,96.0,,high
0,72.0,F,,,2026-07-13,M,174.0,99.0,,,casuel,99.0,hypertensive only - no glucose ordered,high
0,72.0,F,,,2026-07-13,S,167.0,99.0,2.09,11.601056861830857,casuel,80.0,,high
0,72.0,F,,,2026-07-14,M,174.0,105.0,1.24,6.882923688358978,casuel,85.0,,high
0,72.0,F,,,2026-07-14,S,151.0,94.0,1.71,9.491773796043429,casuel,80.0,,moderate
0,72.0,F,,,2026-07-15,M,171.0,121.0,0.93,5.162192766269233,casuel,78.0,,critical
0,72.0,F,,,2026-07-15,S,171.0,98.0,1.38,7.660027975754346,casuel,98.0,,high
1,54.0,F,,,2026-07-14,S,133.0,81.0,1.58,8.77017695774773,casuel,60.0,,moderate
1,54.0,F,,,2026-07-15,M,138.0,84.0,1.81,10.04684828704012,casuel,90.0,,moderate
1,54.0,F,,,2026-07-15,S,123.0,90.0,1.64,9.103221652345745,casuel,90.0,,moderate
1,54.0,F,,,2026-07-16,M,130.0,84.0,1.13,6.272341748262616,casuel,80.0,,stable
1,54.0,F,,,2026-07-16,S,111.0,80.0,1.1,6.105819400963609,casuel,80.0,,stable
1,54.0,F,,,2026-07-17,M,120.0,79.0,1.34,7.437998179355669,casuel,75.0,,stable
2,53.0,M,,,2026-07-03,S,146.0,84.0,1.6,8.881191855947067,casuel,,,moderate
2,53.0,M,,,2026-07-04,M,159.0,100.0,2.36,13.099757987521926,casuel,88.0,,high
2,53.0,M,,,2026-07-04,S,141.0,94.0,3.63,20.14920402317991,casuel,80.0,,critical
2,53.0,M,,,2026-07-05,M,,,,,casuel,50.0,,stable
2,53.0,M,,,2026-07-05,S,154.0,109.0,3.09,17.151801771797775,casuel,60.0,,critical
2,53.0,M,,,2026-07-06,M,145.0,87.0,3.32,18.428473101090166,casuel,68.0,,critical
2,53.0,M,,,2026-07-06,S,140.0,86.0,3.93,21.814427496169984,casuel,84.0,,critical
2,53.0,M,,,2026-07-07,M,148.0,93.0,2.34,12.988743089322586,casuel,80.0,,high
2,53.0,M,,,2026-07-07,S,126.0,86.0,3.45,19.150069939385865,casuel,60.0,,critical
2,53.0,M,,,2026-07-08,M,147.0,92.0,4.88,27.087635160638555,casuel,84.0,,critical
2,53.0,M,,,2026-07-08,S,162.0,92.0,4.06,22.536024334465683,casuel,80.0,,critical
2,53.0,M,,,2026-07-09,M,146.0,90.0,2.37,13.155265436621594,casuel,100.0,,high
2,53.0,M,,,2026-07-09,S,144.0,94.0,2.94,16.319190035302736,casuel,100.0,,critical
2,53.0,M,,,2026-07-10,M,137.0,82.0,1.77,9.824818490641444,casuel,86.0,,moderate
2,53.0,M,,,2026-07-10,S,148.0,85.0,3.13,17.37383156819645,casuel,70.0,,critical
2,53.0,M,,,2026-07-11,M,142.0,86.0,1.23,6.827416239259309,casuel,80.0,,moderate
2,53.0,M,,,2026-07-11,S,141.0,88.0,3.72,20.648771065076932,casuel,84.0,,critical
3,73.0,F,,,2026-07-15,M,107.0,72.0,0.94,5.217700215368902,casuel,68.0,,stable
3,73.0,F,,,2026-07-15,S,109.0,72.0,0.96,5.328715113568241,casuel,68.0,,stable
3,73.0,F,,,2026-07-16,M,116.0,70.0,1.21,6.71640134105997,casuel,84.0,,stable
3,73.0,F,,,2026-07-16,S,102.0,64.0,1.32,7.326983281156331,casuel,79.0,,stable
3,73.0,F,,,2026-07-17,M,107.0,67.0,1.02,5.661759808166256,casuel,80.0,,stable
4,73.0,M,,,2026-07-20,S,141.0,69.0,2.94,16.319190035302736,casuel,102.0,,critical
4,73.0,M,,,2026-07-21,M,,,,,casuel,110.0,,stable
4,73.0,M,,,2026-07-21,S,88.0,62.0,3.3,18.317458202890826,casuel,82.0,,critical
4,73.0,M,,,2026-07-22,M,123.0,94.0,1.3,7.2159683829569925,casuel,104.0,,moderate
4,73.0,M,,,2026-07-22,S,105.0,72.0,2.59,14.376429316814315,casuel,104.0,,critical
4,73.0,M,,,2026-07-23,M,115.0,94.0,0.77,4.274073580674527,casuel,74.0,,moderate
4,73.0,M,,,2026-07-23,S,143.0,100.0,1.74,9.658296143342437,casuel,74.0,,high
4,73.0,M,,,2026-07-24,M,133.0,94.0,0.85,4.718133173471879,casuel,94.0,,moderate
4,73.0,M,,,2026-07-24,S,123.0,74.0,1.45,8.04858011945203,casuel,94.0,,moderate
4,73.0,M,,,2026-07-25,M,176.0,118.0,1.33,7.382490730256,casuel,94.0,,critical
4,73.0,M,,,2026-07-25,S,,,1.04,5.772774706365594,casuel,94.0,,stable
4,73.0,M,,,2026-07-26,M,154.0,110.0,0.98,5.439730011767579,casuel,102.0,,critical
4,73.0,M,,,2026-07-26,S,154.0,113.0,2.36,13.099757987521926,casuel,80.0,,critical
4,73.0,M,,,2026-07-27,M,184.0,125.0,1.05,5.8282821554652635,casuel,108.0,,critical
4,73.0,M,,,2026-07-27,S,138.0,94.0,2.26,12.544683496525233,casuel,85.0,,high
4,73.0,M,,,2026-07-28,M,152.0,87.0,1.02,5.661759808166256,casuel,98.0,,moderate
4,73.0,M,,,2026-07-28,S,119.0,75.0,1.65,9.158729101445413,casuel,84.0,,moderate
5,36.0,F,,,2026-07-10,M,118.0,72.0,0.91,5.051177868069895,casuel,84.0,,stable
5,36.0,F,,,2026-07-10,S,101.0,81.0,3.83,21.259353005173292,casuel,64.0,,critical
5,36.0,F,,,2026-07-11,M,135.0,75.0,3.54,19.64963698128289,casuel,94.0,,critical
5,36.0,F,,,2026-07-11,S,112.0,81.0,5.08,28.19778414263194,casuel,95.0,,critical
5,36.0,F,,,2026-07-12,M,100.0,61.0,2.98,16.541219831701415,casuel,84.0,,critical
5,36.0,F,,,2026-07-12,S,,,3.39,18.81702524478785,casuel,80.0,,critical
5,36.0,F,,,2026-07-13,M,138.0,82.0,2.63,14.598459113212993,casuel,80.0,,critical
5,36.0,F,,,2026-07-13,S,99.0,72.0,3.98,22.09196474166833,casuel,80.0,,critical
5,36.0,F,,,2026-07-14,M,102.0,70.0,3.16,17.54035391549546,casuel,80.0,,critical
5,36.0,F,,,2026-07-14,S,93.0,64.0,2.34,12.988743089322586,casuel,80.0,,high
5,36.0,F,,,2026-07-15,M,103.0,84.0,1.76,9.769311041541775,casuel,64.0,,moderate
5,36.0,F,,,2026-07-15,S,111.0,76.0,2.86,15.875130442505384,casuel,82.0,,critical
6,57.0,F,,,2026-07-18,S,176.0,98.0,,,casuel,105.0,,high
6,57.0,F,,,2026-07-19,M,118.0,65.0,1.69,9.38075889784409,casuel,100.0,,moderate
6,57.0,F,,,2026-07-19,S,151.0,70.0,,,casuel,104.0,,moderate
6,57.0,F,,,2026-07-20,M,161.0,93.0,1.3,7.2159683829569925,casuel,104.0,,high
6,57.0,F,,,2026-07-20,S,,,1.53,8.492639712249384,casuel,98.0,,moderate
6,57.0,F,,,2026-07-21,M,166.0,101.0,1.44,7.993072670352361,casuel,96.0,,high
6,57.0,F,,,2026-07-21,S,146.0,85.0,2.0,11.101489819933835,casuel,65.0,,high
6,57.0,F,,,2026-07-22,M,161.0,96.0,1.64,9.103221652345745,casuel,94.0,,high
6,57.0,F,,,2026-07-22,S,147.0,90.0,1.04,5.772774706365594,casuel,90.0,,moderate
6,57.0,F,,,2026-07-23,M,163.0,108.0,1.17,6.494371544661293,casuel,84.0,,high
6,57.0,F,,,2026-07-23,S,149.0,90.0,0.99,5.495237460867248,casuel,88.0,,moderate
7,22.0,M,,,2026-07-27,S,109.0,65.0,4.61,25.58893403494749,casuel,124.0,,critical
7,22.0,M,,,2026-07-28,M,95.0,62.0,2.44,13.543817580319278,casuel,120.0,,high
7,22.0,M,,,2026-07-28,S,93.0,73.0,0.78,4.329581029774196,casuel,95.0,,stable
7,22.0,M,,,2026-07-29,M,110.0,70.0,3.65,20.26021892137925,casuel,93.0,,critical
7,22.0,M,,,2026-07-29,S,109.0,73.0,2.04,11.323519616332511,casuel,80.0,,high
7,22.0,M,,,2026-07-30,M,85.0,64.0,4.9,27.198650058837895,casuel,85.0,,critical
7,22.0,M,,,2026-07-30,S,101.0,71.0,2.23,12.378161149226226,casuel,80.0,,high
8,45.0,F,,,2026-07-19,M,99.0,60.0,1.31,7.2714758320566615,casuel,100.0,,stable
8,45.0,F,,,2026-07-19,S,92.0,24.0,2.0,11.101489819933835,casuel,96.0,,high
8,45.0,F,,,2026-07-20,M,105.0,85.0,1.59,8.8256844068474,casuel,100.0,,moderate
8,45.0,F,,,2026-07-20,S,101.0,78.0,1.37,7.604520526654677,casuel,102.0,,stable
8,45.0,F,,,2026-07-21,M,113.0,83.0,1.02,5.661759808166256,casuel,78.0,,stable
8,45.0,F,,,2026-07-21,S,108.0,67.0,3.3,18.317458202890826,casuel,84.0,,critical
8,45.0,F,,,2026-07-22,M,120.0,82.0,2.56,14.209906969515309,casuel,86.0,,critical
8,45.0,F,,,2026-07-22,S,101.0,83.0,1.2,6.660893891960301,casuel,88.0,,stable
9,57.0,M,,,2026-07-19,S,116.0,64.0,,,casuel,84.0,,stable
9,57.0,M,,,2026-07-20,M,101.0,73.0,,,casuel,105.0,,stable
9,57.0,M,,,2026-07-20,S,105.0,87.0,2.87,15.930637891605054,casuel,108.0,,critical
9,57.0,M,,,2026-07-21,M,116.0,71.0,2.6,14.431936765913985,casuel,110.0,,critical
9,57.0,M,,,2026-07-21,S,128.0,94.0,1.4,7.771042873953684,casuel,100.0,,moderate
9,57.0,M,,,2026-07-22,M,96.0,62.0,3.05,16.9297719753991,casuel,94.0,,critical
9,57.0,M,,,2026-07-22,S,147.0,94.0,2.01,11.156997269033504,casuel,102.0,,high
10,45.0,F,,,2026-07-15,M,137.0,88.0,2.45,13.599325029418948,casuel,82.0,,high
10,45.0,F,,,2026-07-15,S,132.0,91.0,4.64,25.755456382246496,casuel,92.0,,critical
10,45.0,F,,,2026-07-16,M,97.0,70.0,3.72,20.648771065076932,casuel,84.0,,critical
10,45.0,F,,,2026-07-16,S,137.0,93.0,1.99,11.045982370834166,casuel,82.0,,high
10,45.0,F,,,2026-07-17,M,111.0,86.0,2.08,11.545549412731187,casuel,80.0,,high
10,45.0,F,,,2026-07-17,S,146.0,95.0,3.48,19.316592286684873,casuel,82.0,,critical
10,45.0,F,,,2026-07-18,M,124.0,94.0,3.17,17.595861364595127,casuel,68.0,,critical
10,45.0,F,,,2026-07-18,S,140.0,100.0,2.86,15.875130442505384,casuel,78.0,,critical
10,45.0,F,,,2026-07-19,M,131.0,94.0,1.75,9.713803592442105,casuel,60.0,,moderate
10,45.0,F,,,2026-07-19,S,151.0,85.0,2.26,12.544683496525233,casuel,73.0,,high
10,45.0,F,,,2026-07-20,M,137.0,89.0,2.63,14.598459113212993,casuel,72.0,,critical
10,45.0,F,,,2026-07-20,S,121.0,79.0,2.9,16.09716023890406,casuel,84.0,,critical
10,45.0,F,,,2026-07-21,M,124.0,82.0,1.85,10.268878083438796,casuel,70.0,,moderate
10,45.0,F,,,2026-07-21,S,124.0,86.0,2.4,13.321787783920602,casuel,78.0,,high
11,56.0,M,,,2026-07-16,S,160.0,113.0,3.73,20.7042785141766,casuel,86.0,,critical
11,56.0,M,,,2026-07-17,M,127.0,68.0,2.5,13.876862274917293,casuel,80.0,,high
11,56.0,M,,,2026-07-17,S,181.0,104.0,3.1,17.207309220897443,casuel,81.0,,critical
11,56.0,M,,,2026-07-18,M,163.0,108.0,1.37,7.604520526654677,casuel,84.0,,high
11,56.0,M,,,2026-07-18,S,168.0,100.0,3.49,19.37209973578454,casuel,93.0,,critical
11,56.0,M,,,2026-07-19,M,164.0,93.0,3.8,21.092830657874288,casuel,90.0,,critical
11,56.0,M,,,2026-07-19,S,193.0,123.0,1.91,10.601922778036812,casuel,91.0,,critical
11,56.0,M,,,2026-07-20,M,185.0,110.0,1.47,8.159595017651368,casuel,84.0,,critical
11,56.0,M,,,2026-07-20,S,151.0,93.0,2.9,16.09716023890406,casuel,80.0,,critical
12,49.0,F,,,2026-07-08,M,156.0,92.0,0.98,5.439730011767579,casuel,100.0,,moderate
12,49.0,F,,,2026-07-08,S,156.0,92.0,0.94,5.217700215368902,casuel,94.0,,moderate
12,49.0,F,,,2026-07-09,M,141.0,96.0,3.07,17.040786873598435,casuel,94.0,,critical
12,49.0,F,,,2026-07-09,S,141.0,87.0,0.64,3.5524767423788273,casuel,88.0,,moderate
12,49.0,F,,,2026-07-10,M,145.0,89.0,3.19,17.706876262794466,casuel,87.0,,critical
12,49.0,F,,,2026-07-10,S,,,3.8,21.092830657874288,casuel,94.0,,critical
12,49.0,F,,,2026-07-11,M,126.0,84.0,1.61,8.936699305046737,casuel,95.0,,moderate
12,49.0,F,,,2026-07-11,S,127.0,82.0,3.75,20.81529341237594,casuel,78.0,,critical
12,49.0,F,,,2026-07-12,M,142.0,97.0,1.55,8.603654610448721,casuel,100.0,,moderate
12,49.0,F,,,2026-07-12,S,136.0,86.0,4.09,22.70254668176469,casuel,88.0,,critical
12,49.0,F,,,2026-07-13,M,128.0,97.0,1.85,10.268878083438796,casuel,100.0,,moderate
12,49.0,F,,,2026-07-13,S,116.0,82.0,3.09,17.151801771797775,casuel,88.0,,critical
12,49.0,F,,,2026-07-14,M,107.0,79.0,1.15,6.383356646461955,casuel,94.0,,stable
12,49.0,F,,,2026-07-14,S,114.0,81.0,1.82,10.10235573613979,casuel,83.0,,moderate
13,65.0,F,,,2026-07-21,S,,,4.23,23.479650969160062,casuel,100.0,,critical
13,65.0,F,,,2026-07-22,M,160.0,97.0,2.44,13.543817580319278,casuel,100.0,,high
13,65.0,F,,,2026-07-22,S,183.0,98.0,3.9,21.64790514887098,casuel,108.0,,critical
13,65.0,F,,,2026-07-23,M,175.0,100.0,1.84,10.213370634339128,casuel,104.0,,high
13,65.0,F,,,2026-07-23,S,170.0,100.0,2.29,12.71120584382424,casuel,104.0,,high
13,65.0,F,,,2026-07-24,M,187.0,118.0,3.75,20.81529341237594,casuel,87.0,,critical
13,65.0,F,,,2026-07-24,S,167.0,99.0,1.3,7.2159683829569925,casuel,86.0,,high
13,65.0,F,,,2026-07-25,M,161.0,92.0,1.28,7.1049534847576545,casuel,92.0,,high
13,65.0,F,,,2026-07-25,S,137.0,84.0,2.34,12.988743089322586,casuel,89.0,,high
13,65.0,F,,,2026-07-26,M,140.0,82.0,2.4,13.321787783920602,casuel,85.0,,high
13,65.0,F,,,2026-07-26,S,140.0,86.0,1.66,9.214236550545083,casuel,87.0,,moderate
14,25.0,M,,,2026-07-23,M,99.0,76.0,1.07,5.9392970536646015,casuel,82.0,,stable
14,25.0,M,,,2026-07-23,S,99.0,57.0,,,casuel,68.0,,stable
14,25.0,M,,,2026-07-24,M,115.0,68.0,1.7,9.436266346943759,casuel,80.0,,moderate
14,25.0,M,,,2026-07-24,S,115.0,71.0,,,casuel,84.0,,stable
14,25.0,M,,,2026-07-25,M,119.0,76.0,,,casuel,70.0,,stable
14,25.0,M,,,2026-07-25,S,96.0,62.0,,,casuel,66.0,,stable
14,25.0,M,,,2026-07-26,M,131.0,77.0,,,casuel,65.0,,stable
14,25.0,M,,,2026-07-26,S,124.0,73.0,,,casuel,60.0,,stable
15,53.0,F,,,2026-06-22,S,63.0,53.0,1.48,8.215102466751038,casuel,105.0,,moderate
15,53.0,F,,,2026-06-23,M,86.0,60.0,1.2,6.660893891960301,casuel,108.0,,stable
15,53.0,F,,,2026-06-23,S,88.0,57.0,,,casuel,112.0,,stable
15,53.0,F,,,2026-06-24,M,124.0,103.0,,,casuel,60.0,,high
15,53.0,F,,,2026-06-24,S,109.0,73.0,0.93,5.162192766269233,casuel,88.0,,stable
15,53.0,F,,,2026-06-25,M,101.0,65.0,0.94,5.217700215368902,casuel,106.0,,stable
15,53.0,F,,,2026-06-25,S,100.0,52.0,,,casuel,86.0,,stable
15,53.0,F,,,2026-06-26,M,118.0,83.0,,,casuel,86.0,,stable
15,53.0,F,,,2026-06-26,S,141.0,99.0,,,casuel,,,moderate
15,53.0,F,,,2026-06-27,M,137.0,96.0,,,casuel,92.0,,moderate
15,53.0,F,,,2026-06-27,S,156.0,107.0,2.18,12.10062390372788,casuel,92.0,,high
15,53.0,F,,,2026-06-28,M,125.0,84.0,1.48,8.215102466751038,casuel,84.0,,moderate
15,53.0,F,,,2026-06-28,S,124.0,85.0,1.47,8.159595017651368,casuel,64.0,,moderate
15,53.0,F,,,2026-06-29,M,125.0,80.0,,,casuel,64.0,,stable
15,53.0,F,,,2026-06-29,S,138.0,83.0,1.88,10.435400430737804,casuel,78.0,,moderate
15,53.0,F,,,2026-06-30,M,130.0,94.0,1.1,6.105819400963609,casuel,79.0,,moderate
15,53.0,F,,,2026-06-30,S,120.0,72.0,0.98,5.439730011767579,casuel,76.0,,stable
16,74.0,M,,,2026-06-16,M,132.0,96.0,2.05,11.379027065432181,casuel,65.0,,high
16,74.0,M,,,2026-06-16,S,103.0,68.0,1.23,6.827416239259309,casuel,67.0,,stable
16,74.0,M,,,2026-06-17,M,123.0,73.0,1.87,10.379892981638136,casuel,64.0,,moderate
16,74.0,M,,,2026-06-17,S,110.0,75.0,1.23,6.827416239259309,casuel,63.0,,stable
16,74.0,M,,,2026-06-18,M,107.0,73.0,1.16,6.438864095561624,casuel,65.0,,stable
16,74.0,M,,,2026-06-18,S,,,1.81,10.04684828704012,casuel,74.0,,moderate
16,74.0,M,,,2026-06-19,M,114.0,70.0,1.13,6.272341748262616,casuel,69.0,,stable
16,74.0,M,,,2026-06-19,S,117.0,80.0,0.76,4.218566131574857,casuel,68.0,,stable
16,74.0,M,,,2026-06-20,M,118.0,77.0,2.23,12.378161149226226,casuel,68.0,,high
16,74.0,M,,,2026-06-20,S,130.0,100.0,3.24,17.984413508292814,casuel,69.0,,critical
16,74.0,M,,,2026-06-21,M,134.0,100.0,1.51,8.381624814050046,casuel,60.0,,high
16,74.0,M,,,2026-06-21,S,99.0,68.0,1.49,8.270609915850708,casuel,68.0,,moderate
16,74.0,M,,,2026-06-22,M,131.0,83.0,0.82,4.5516108261728725,casuel,67.0,,stable
16,74.0,M,,,2026-06-22,S,133.0,86.0,3.34,18.539487999289506,casuel,65.0,,critical
16,74.0,M,,,2026-06-23,M,120.0,75.0,1.8,9.99134083794045,casuel,60.0,,moderate
16,74.0,M,,,2026-06-23,S,116.0,84.0,1.2,6.660893891960301,casuel,62.0,,stable
17,59.0,M,,,2026-06-25,M,129.0,85.0,2.02,11.212504718133173,casuel,110.0,,high
17,59.0,M,,,2026-06-25,S,131.0,85.0,2.05,11.379027065432181,casuel,107.0,,high
17,59.0,M,,,2026-06-26,M,123.0,64.0,3.72,20.648771065076932,casuel,107.0,,critical
17,59.0,M,,,2026-06-26,S,116.0,82.0,3.17,17.595861364595127,casuel,104.0,,critical
17,59.0,M,,,2026-06-27,M,105.0,67.0,2.53,14.043384622216301,casuel,110.0,,critical
17,59.0,M,,,2026-06-27,S,106.0,56.0,3.97,22.036457292568663,casuel,,,critical
17,59.0,M,,,2026-06-28,M,103.0,63.0,2.37,13.155265436621594,casuel,113.0,,high
17,59.0,M,,,2026-06-28,S,126.0,56.0,3.97,22.036457292568663,casuel,110.0,,critical
17,59.0,M,,,2026-06-29,M,108.0,63.0,1.84,10.213370634339128,casuel,104.0,,moderate
17,59.0,M,,,2026-06-29,S,112.0,64.0,2.0,11.101489819933835,casuel,110.0,,high
17,59.0,M,,,2026-06-30,M,112.0,56.0,0.79,4.385088478873865,casuel,100.0,,stable
17,59.0,M,,,2026-06-30,S,115.0,86.0,2.06,11.43453451453185,casuel,97.0,,high
17,59.0,M,,,2026-07-01,M,112.0,77.0,2.2,12.211638801927219,casuel,84.0,,high
17,59.0,M,,,2026-07-01,S,123.0,88.0,3.44,19.094562490286197,casuel,110.0,,critical
17,59.0,M,,,2026-07-02,M,120.0,83.0,2.91,16.152667688003728,casuel,82.0,,critical
17,59.0,M,,,2026-07-02,S,117.0,76.0,1.53,8.492639712249384,casuel,84.0,,moderate
17,59.0,M,,,2026-07-03,M,125.0,92.0,1.17,6.494371544661293,casuel,85.0,,moderate
17,59.0,M,,,2026-07-03,S,136.0,75.0,3.9,21.64790514887098,casuel,90.0,,critical
18,44.0,F,,,2026-06-08,M,219.0,119.0,1.54,8.548147161349053,casuel,88.0,,critical
18,44.0,F,,,2026-06-08,S,221.0,125.0,4.01,22.25848708896734,casuel,85.0,,critical
18,44.0,F,,,2026-06-09,M,,,3.22,17.873398610093474,casuel,,,critical
18,44.0,F,,,2026-06-09,S,142.0,84.0,2.92,16.2081751371034,casuel,78.0,,critical
18,44.0,F,,,2026-06-10,M,138.0,89.0,2.33,12.933235640222918,casuel,80.0,,high
18,44.0,F,,,2026-06-10,S,150.0,97.0,1.81,10.04684828704012,casuel,82.0,,moderate
18,44.0,F,,,2026-06-11,M,158.0,114.0,0.53,2.9418948022824662,casuel,72.0,,critical
18,44.0,F,,,2026-06-11,S,165.0,92.0,3.13,17.37383156819645,casuel,78.0,,critical
18,44.0,F,,,2026-06-12,M,202.0,102.0,1.52,8.437132263149714,casuel,80.0,,critical
18,44.0,F,,,2026-06-12,S,188.0,104.0,2.67,14.820488909611669,casuel,78.0,,critical
18,44.0,F,,,2026-06-13,M,184.0,100.0,2.21,12.267146251026887,casuel,80.0,,critical
18,44.0,F,,,2026-06-13,S,212.0,110.0,4.05,22.480516885366015,casuel,84.0,,critical
18,44.0,F,,,2026-06-14,M,196.0,108.0,0.66,3.6634916405781657,casuel,80.0,,critical
18,44.0,F,,,2026-06-14,S,197.0,106.0,2.75,15.264548502409022,casuel,80.0,,critical
19,58.0,M,,,2026-06-30,M,171.0,116.0,,,casuel,,,critical
19,58.0,M,,,2026-06-30,S,119.0,78.0,,,casuel,,,stable
19,58.0,M,,,2026-07-01,M,92.0,66.0,,,casuel,,,stable
19,58.0,M,,,2026-07-01,S,124.0,85.0,,,casuel,,,stable
19,58.0,M,,,2026-07-02,M,127.0,85.0,,,casuel,,,stable
19,58.0,M,,,2026-07-02,S,112.0,80.0,,,casuel,,,stable
20,44.0,M,,,2026-07-04,M,174.0,114.0,1.84,10.213370634339128,casuel,84.0,,critical
20,44.0,M,,,2026-07-04,S,175.0,118.0,5.25,29.141410777326318,casuel,104.0,,critical
20,44.0,M,,,2026-07-05,M,102.0,100.0,0.83,4.6071182752725415,casuel,88.0,,high
20,44.0,M,,,2026-07-05,S,162.0,104.0,1.07,5.9392970536646015,casuel,84.0,,high
20,44.0,M,,,2026-07-06,M,168.0,134.0,4.08,22.647039232665023,casuel,88.0,,critical
20,44.0,M,,,2026-07-06,S,137.0,91.0,3.74,20.759785963276272,casuel,,,critical
20,44.0,M,,,2026-07-07,M,205.0,107.0,1.75,9.713803592442105,casuel,,,critical
20,44.0,M,,,2026-07-07,S,194.0,120.0,5.79,32.138813028708455,casuel,98.0,,critical
20,44.0,M,,,2026-07-08,M,158.0,101.0,2.15,11.934101556428873,casuel,104.0,,high
20,44.0,M,,,2026-07-08,S,134.0,81.0,3.94,21.869934945269655,casuel,88.0,,critical
20,44.0,M,,,2026-07-09,M,150.0,92.0,2.97,16.485712382601744,casuel,84.0,,critical
20,44.0,M,,,2026-07-09,S,156.0,100.0,5.76,31.972290681409444,casuel,84.0,,critical
21,42.0,M,,,2026-08-10,S,120.0,77.0,0.98,5.439730011767579,casuel,94.0,,stable
21,42.0,M,,,2026-08-11,M,122.0,66.0,3.4,18.872532693887518,casuel,92.0,,critical
21,42.0,M,,,2026-08-11,S,136.0,85.0,4.3,23.868203112857746,casuel,80.0,,critical
21,42.0,M,,,2026-08-12,M,135.0,79.0,2.76,15.320055951508692,casuel,82.0,,critical
21,42.0,M,,,2026-08-12,S,138.0,96.0,3.69,20.482248717777924,casuel,88.0,,critical
21,42.0,M,,,2026-08-13,M,130.0,93.0,1.94,10.76844512533582,casuel,84.0,,moderate
21,42.0,M,,,2026-08-13,S,141.0,99.0,3.01,16.707742179000423,casuel,80.0,,critical
22,86.0,F,,,2026-08-08,M,93.0,59.0,0.99,5.495237460867248,casuel,84.0,,stable
22,86.0,F,,,2026-08-08,S,119.0,66.0,1.3,7.2159683829569925,casuel,84.0,,stable
22,86.0,F,,,2026-08-09,M,121.0,65.0,,,casuel,86.0,,stable
22,86.0,F,,,2026-08-09,S,128.0,74.0,,,casuel,88.0,,stable
22,86.0,F,,,2026-08-10,M,129.0,65.0,0.44,2.4423277603854436,casuel,88.0,,stable
22,86.0,F,,,2026-08-10,S,127.0,62.0,4.39,24.367770154754766,casuel,86.0,,critical
22,86.0,F,,,2026-08-11,M,149.0,73.0,3.11,17.262816669997115,casuel,80.0,,critical
22,86.0,F,,,2026-08-11,S,144.0,77.0,3.23,17.928906059193142,casuel,82.0,,critical
22,86.0,F,,,2026-08-12,M,163.0,100.0,2.69,14.931503807811008,casuel,84.0,,critical
22,86.0,F,,,2026-08-12,S,149.0,79.0,1.77,9.824818490641444,casuel,80.0,,moderate
22,86.0,F,,,2026-08-13,M,133.0,62.0,1.8,9.99134083794045,casuel,78.0,,moderate
22,86.0,F,,,2026-08-13,S,145.0,73.0,1.11,6.161326850063278,casuel,75.0,,moderate
23,45.0,M,,,2026-08-07,M,120.0,89.0,,,casuel,82.0,,stable
23,45.0,M,,,2026-08-07,S,113.0,79.0,,,casuel,76.0,,stable
23,45.0,M,,,2026-08-08,M,116.0,74.0,,,casuel,78.0,,stable
23,45.0,M,,,2026-08-08,S,128.0,68.0,,,casuel,60.0,,stable
23,45.0,M,,,2026-08-09,M,128.0,68.0,,,casuel,70.0,,stable
23,45.0,M,,,2026-08-09,S,114.0,78.0,,,casuel,68.0,,stable
23,45.0,M,,,2026-08-10,M,114.0,78.0,,,casuel,70.0,,stable
23,45.0,M,,,2026-08-10,S,85.0,57.0,,,casuel,64.0,,stable
23,45.0,M,,,2026-08-11,M,106.0,83.0,,,casuel,55.0,,stable
23,45.0,M,,,2026-08-11,S,121.0,82.0,,,casuel,62.0,,stable
24,37.0,F,,,2026-08-04,M,99.0,60.0,,,casuel,138.0,,stable
24,37.0,F,,,2026-08-04,S,102.0,67.0,,,casuel,120.0,,stable
24,37.0,F,,,2026-08-05,M,104.0,57.0,,,casuel,118.0,,stable
24,37.0,F,,,2026-08-05,S,106.0,58.0,,,casuel,144.0,,stable
24,37.0,F,,,2026-08-06,M,88.0,56.0,,,casuel,140.0,,stable
24,37.0,F,,,2026-08-06,S,90.0,55.0,,,casuel,135.0,,stable
24,37.0,F,,,2026-08-07,M,133.0,115.0,,,casuel,78.0,,critical
24,37.0,F,,,2026-08-07,S,94.0,47.0,,,casuel,104.0,,stable
24,37.0,F,,,2026-08-08,M,132.0,97.0,,,casuel,104.0,,moderate
24,37.0,F,,,2026-08-08,S,135.0,83.0,,,casuel,110.0,,stable
24,37.0,F,,,2026-08-09,M,157.0,87.0,,,casuel,106.0,,moderate
24,37.0,F,,,2026-08-09,S,123.0,91.0,,,casuel,110.0,,moderate
24,37.0,F,,,2026-08-10,M,129.0,116.0,,,casuel,80.0,,critical
24,37.0,F,,,2026-08-10,S,131.0,82.0,,,casuel,115.0,,stable
24,37.0,F,,,2026-08-11,M,138.0,98.0,,,casuel,105.0,,moderate
24,37.0,F,,,2026-08-11,S,121.0,82.0,,,casuel,95.0,,stable
25,44.0,M,,,2026-08-14,M,102.0,63.0,,,casuel,102.0,,stable
25,44.0,M,,,2026-08-14,S,148.0,84.0,,,casuel,110.0,,moderate
25,44.0,M,,,2026-08-15,M,137.0,83.0,,,casuel,105.0,,stable
25,44.0,M,,,2026-08-15,S,113.0,78.0,,,casuel,104.0,,stable
25,44.0,M,,,2026-08-16,M,102.0,62.0,,,casuel,101.0,,stable
25,44.0,M,,,2026-08-16,S,112.0,69.0,,,casuel,98.0,,stable
25,44.0,M,,,2026-08-17,M,133.0,91.0,,,casuel,100.0,,moderate
25,44.0,M,,,2026-08-17,S,122.0,104.0,,,casuel,110.0,,high
25,44.0,M,,,2026-08-18,M,114.0,76.0,,,casuel,84.0,,stable
25,44.0,M,,,2026-08-18,S,111.0,96.0,,,casuel,108.0,,moderate
26,37.0,F,,,2026-08-13,M,88.0,57.0,,,casuel,114.0,,stable
26,37.0,F,,,2026-08-13,S,108.0,81.0,,,casuel,120.0,,stable
26,37.0,F,,,2026-08-14,M,95.0,63.0,,,casuel,110.0,,stable
26,37.0,F,,,2026-08-14,S,108.0,75.0,,,casuel,108.0,,stable
26,37.0,F,,,2026-08-15,M,110.0,75.0,,,casuel,100.0,,stable
26,37.0,F,,,2026-08-15,S,131.0,92.0,,,casuel,98.0,,moderate
26,37.0,F,,,2026-08-16,M,113.0,63.0,,,casuel,82.0,,stable
26,37.0,F,,,2026-08-16,S,148.0,95.0,,,casuel,92.0,,moderate
26,37.0,F,,,2026-08-17,M,110.0,71.0,,,casuel,76.0,,stable
26,37.0,F,,,2026-08-17,S,134.0,94.0,,,casuel,84.0,,moderate
26,37.0,F,,,2026-08-18,M,110.0,78.0,,,casuel,90.0,,stable
26,37.0,F,,,2026-08-18,S,113.0,67.0,,,casuel,86.0,,stable
27,45.0,M,,,2026-08-19,M,148.0,88.0,,,casuel,100.0,,moderate
27,45.0,M,,,2026-08-19,S,149.0,87.0,,,casuel,98.0,,moderate
27,45.0,M,,,2026-08-20,M,141.0,92.0,,,casuel,96.0,,moderate
27,45.0,M,,,2026-08-20,S,129.0,95.0,,,casuel,104.0,,moderate
27,45.0,M,,,2026-08-21,M,145.0,93.0,,,casuel,98.0,,moderate
27,45.0,M,,,2026-08-21,S,176.0,103.0,,,casuel,78.0,,high
27,45.0,M,,,2026-08-22,M,145.0,92.0,,,casuel,82.0,,moderate
27,45.0,M,,,2026-08-22,S,132.0,103.0,,,casuel,80.0,,high
27,45.0,M,,,2026-08-23,M,125.0,83.0,,,casuel,94.0,,stable
27,45.0,M,,,2026-08-23,S,138.0,80.0,,,casuel,80.0,,stable
28,17.0,F,,,2026-08-18,M,98.0,57.0,,,casuel,102.0,,stable
28,17.0,F,,,2026-08-18,S,100.0,60.0,,,casuel,104.0,,stable
28,17.0,F,,,2026-08-19,M,100.0,70.0,,,casuel,84.0,,stable
28,17.0,F,,,2026-08-19,S,96.0,67.0,,,casuel,86.0,,stable
28,17.0,F,,,2026-08-20,M,112.0,70.0,,,casuel,90.0,,stable
28,17.0,F,,,2026-08-20,S,105.0,70.0,,,casuel,98.0,,stable
28,17.0,F,,,2026-08-21,M,96.0,61.0,,,casuel,104.0,,stable
28,17.0,F,,,2026-08-21,S,93.0,61.0,,,casuel,98.0,,stable
28,17.0,F,,,2026-08-22,M,93.0,61.0,,,casuel,99.0,,stable
28,17.0,F,,,2026-08-22,S,85.0,55.0,,,casuel,97.0,,stable
28,17.0,F,,,2026-08-23,M,97.0,59.0,,,casuel,110.0,,stable
28,17.0,F,,,2026-08-23,S,105.0,76.0,,,casuel,100.0,,stable
29,71.0,F,,,2026-08-03,M,100.0,65.0,1.8,9.99134083794045,casuel,80.0,,moderate
29,71.0,F,,,2026-08-03,S,91.0,68.0,2.78,15.43107084970803,casuel,84.0,,critical
29,71.0,F,,,2026-08-04,M,121.0,73.0,2.0,11.101489819933835,casuel,94.0,,high
29,71.0,F,,,2026-08-04,S,137.0,92.0,2.09,11.601056861830857,casuel,84.0,,high
29,71.0,F,,,2026-08-05,M,120.0,80.0,1.1,6.105819400963609,casuel,96.0,,stable
29,71.0,F,,,2026-08-05,S,107.0,73.0,2.62,14.542951664113323,casuel,90.0,,critical
29,71.0,F,,,2026-08-06,M,129.0,84.0,1.54,8.548147161349053,casuel,84.0,,moderate
29,71.0,F,,,2026-08-06,S,107.0,79.0,1.44,7.993072670352361,casuel,88.0,,stable
30,64.0,F,,,2026-08-26,M,108.0,70.0,1.92,10.657430227136482,casuel,118.0,,moderate
30,64.0,F,,,2026-08-26,S,122.0,59.0,2.3,12.76671329292391,casuel,116.0,,high
30,64.0,F,,,2026-08-27,M,105.0,75.0,1.43,7.937565221252692,casuel,100.0,,stable
30,64.0,F,,,2026-08-27,S,112.0,72.0,1.12,6.216834299162947,casuel,98.0,,stable
30,64.0,F,,,2026-08-28,M,108.0,64.0,2.54,14.09889207131597,casuel,96.0,,critical
30,64.0,F,,,2026-08-28,S,92.0,52.0,0.99,5.495237460867248,casuel,98.0,,stable
30,64.0,F,,,2026-08-29,M,106.0,60.0,1.34,7.437998179355669,casuel,95.0,,stable
30,64.0,F,,,2026-08-29,S,112.0,50.0,1.61,8.936699305046737,casuel,98.0,,moderate
30,64.0,F,,,2026-08-30,M,115.0,68.0,1.22,6.771908790159639,casuel,80.0,"DATE REPAIRED: typed 2026-08-21, read as 2026-08-30 (verify)",stable
30,64.0,F,,,2026-08-30,S,128.0,75.0,0.75,4.163058682475188,casuel,89.0,"DATE REPAIRED: typed 2026-08-21, read as 2026-08-30 (verify)",stable
31,21.0,F,,,2026-08-15,M,94.0,70.0,,,casuel,118.0,,stable
31,21.0,F,,,2026-08-15,S,81.0,59.0,,,casuel,124.0,,stable
31,21.0,F,,,2026-08-16,M,98.0,68.0,,,casuel,120.0,,stable
31,21.0,F,,,2026-08-16,S,99.0,79.0,,,casuel,104.0,,stable
31,21.0,F,,,2026-08-17,M,112.0,95.0,,,casuel,108.0,,moderate
31,21.0,F,,,2026-08-17,S,101.0,80.0,,,casuel,104.0,,stable
31,21.0,F,,,2026-08-18,M,103.0,76.0,,,casuel,103.0,,stable
31,21.0,F,,,2026-08-18,S,89.0,67.0,,,casuel,98.0,,stable
31,21.0,F,,,2026-08-19,M,89.0,67.0,,,casuel,102.0,,stable
31,21.0,F,,,2026-08-19,S,95.0,69.0,,,casuel,88.0,,stable
31,21.0,F,,,2026-08-20,M,80.0,61.0,,,casuel,86.0,,stable
31,21.0,F,,,2026-08-20,S,84.0,60.0,,,casuel,84.0,,stable
31,21.0,F,,,2026-08-21,M,71.0,54.0,,,casuel,102.0,,stable
31,21.0,F,,,2026-08-21,S,93.0,70.0,,,casuel,108.0,,stable
31,21.0,F,,,2026-08-22,M,90.0,69.0,,,casuel,105.0,,stable
31,21.0,F,,,2026-08-22,S,82.0,61.0,,,casuel,100.0,,stable
