feature,shap_mean_abs,shap_rank,gain,gain_rank,rank_shift
glucose_std,0.2795943,1,0.13447842433851884,1,0
sbp_mean,0.1887944,2,0.07467651800002265,3,1
hr_trend,0.18367003,3,0.0786385351712644,2,-1
glucose_mean,0.16006348,4,0.07348438019089734,4,0
glucose_trend,0.13409159,5,0.0463526232731505,13,8
dbp_std,0.13179837,6,0.06827845518462262,5,-1
sbp_trend,0.11022948,7,0.052528730031434004,11,4
hr_std,0.10876419,8,0.06327168131948085,6,-2
sbp_last,0.100999326,9,0.053359868277243885,10,1
glucose_last,0.09512834,10,0.054894232306171006,9,-1
hr_mean,0.094376124,11,0.05627983070103672,8,-3
dbp_last,0.09432461,12,0.051185399105882615,12,0
sbp_std,0.09307188,13,0.04302861616848294,16,3
dbp_trend,0.077338375,14,0.04387058354730401,15,1
dbp_mean,0.07675758,15,0.06088768016531667,7,-8
hr_last,0.035385013,16,0.04478444221917095,14,-2
