,stable,moderate,high,critical
sbp_mean,0.38554218,0.017530136,0.34363258,0.0084726885
sbp_std,0.031777635,0.25499558,0.01539026,0.07012387
sbp_trend,0.08259272,0.010900381,0.32189983,0.025524784
sbp_last,0.31108683,0.024004443,0.048694424,0.020211717
dbp_mean,0.0047982875,0.13725081,0.043862075,0.1211191
dbp_std,0.006138816,0.22914952,0.26389357,0.02801146
dbp_trend,0.070961244,0.11026965,0.08717486,0.04094767
dbp_last,0.049342856,0.15883228,0.050358348,0.11876484
glucose_mean,0.47732696,0.042053923,0.029300872,0.09157205
glucose_std,0.31502974,0.06597212,0.13547033,0.60190517
glucose_trend,0.13725457,0.10161238,0.16576242,0.13173681
glucose_last,0.07054866,0.056238096,0.10677111,0.14695548
hr_mean,0.05149532,0.1019276,0.073314615,0.150767
hr_std,0.08493215,0.12179944,0.1651953,0.06312993
hr_trend,0.016284633,0.27062032,0.05469349,0.39308172
hr_last,0.0,0.018183397,0.109505706,0.013850973
