,stable,moderate,high,critical,overall
sbp_mean,3.0988,1.132,2.3954,3.3275,2.4884
dbp_mean,2.07,0.9685,2.3356,2.5624,1.9841
sbp_last,0.4009,0.3261,0.263,0.6308,0.4052
dbp_last,0.0999,0.1439,0.8633,0.3484,0.3639
glucose_mean,0.5517,0.363,0.3889,0.0397,0.3358
hr_mean,0.2548,0.3203,0.3327,0.0268,0.2336
sbp_trend,0.2091,0.1609,0.1266,0.2554,0.188
hr_std,0.1863,0.0501,0.1917,0.3146,0.1857
glucose_trend,0.1993,0.1486,0.0782,0.2522,0.1696
sbp_std,0.1646,0.0934,0.3007,0.0811,0.1599
hr_last,0.1688,0.077,0.2537,0.1363,0.159
glucose_std,0.1653,0.1087,0.1063,0.1691,0.1373
dbp_std,0.2192,0.1763,0.0854,0.0342,0.1288
hr_trend,0.096,0.1147,0.0881,0.1474,0.1116
glucose_last,0.17,0.1153,0.1193,0.0354,0.11
dbp_trend,0.1225,0.0749,0.1403,0.0656,0.1008
