feature,shap_overall,shap_stable,shap_moderate,shap_high,shap_critical,gain,rank_shap,rank_gain,rank_shift
sbp_mean,2.48843,3.09879,1.1319871,2.3953938,3.327549,0.46936283,1,1,0
dbp_mean,1.9841267,2.0700366,0.96845424,2.3356037,2.5624123,0.23544386,2,2,0
sbp_last,0.4052257,0.40094227,0.32608795,0.263033,0.63083965,0.035812847,3,5,2
dbp_last,0.36390188,0.09989562,0.14394262,0.8633381,0.34843126,0.024966197,4,6,2
glucose_mean,0.33581477,0.5516562,0.36297005,0.38890186,0.039731067,0.042022116,5,3,-2
hr_mean,0.23363163,0.2547882,0.32028222,0.33265293,0.026803197,0.037850108,6,4,-2
sbp_trend,0.18801832,0.20913607,0.16088252,0.12663296,0.2554217,0.010678185,7,16,9
hr_std,0.18565632,0.18626991,0.050067745,0.19168496,0.31460267,0.011364694,8,15,7
glucose_trend,0.16958839,0.19931892,0.14863905,0.078171596,0.25222394,0.016348792,9,10,1
sbp_std,0.15994574,0.16458155,0.09338405,0.3007203,0.08109706,0.015098886,10,11,1
hr_last,0.15896808,0.16883594,0.07700967,0.25372586,0.13630082,0.019853713,11,9,-2
glucose_std,0.1373471,0.16529125,0.10871017,0.10625341,0.16913356,0.023237662,12,7,-5
dbp_std,0.12877686,0.21918753,0.17633602,0.0854126,0.034171313,0.012755121,13,12,-1
hr_trend,0.11155186,0.09598126,0.114728615,0.08810005,0.14739752,0.0125823775,14,14,0
glucose_last,0.110004015,0.17001346,0.115349494,0.11929432,0.035358783,0.019937357,15,8,-7
dbp_trend,0.100807026,0.122493826,0.07487785,0.14026316,0.06559326,0.012685325,16,13,-3
