patient,date,day,sbp,dpb,glucose,hr,label
0,13/12/2025,0,133,90,6,90,
0,29/04/2026,1,138,89,6,84,
0,,2,,,,,
,,3,,,,,
,,4,,,,,
,,5,,,,,
,,6,,,,,
,,7,,,,,
1,1/4/2026,0,104,80,,75,
,,1,,,,,
,,2,,,,,
,,3,,,,,
,,4,,,,,
,,5,,,,,
,,6,,,,,
,,7,,,,,
,,8,,,,,
,,9,,,,,
3,6/12/2025,0,93,59,,117,
,,1,,,,,
,,2,,,,,
,,3,,,,,
,,4,,,,,
,,5,,,,,
,,6,,,,,
,,7,,,,,
,,8,,,,,
4,24/04/2026,0,106,56,,101,
,,1,,,,,
,,2,,,,,
,,3,,,,,
,,4,,,,,
,,5,,,,,
,,6,,,,,
,,7,,,,,
,,8,,,,,
,,9,,,,,
5,7/10/2025,0,133,74,,74,
,8/10/2025,1,136,94,,70,
, 26/02/2026,2,135,96,,117,
,,3,,,,,
,,4,,,,,
,,5,,,,,
,,6,,,,,
,,7,,,,,
,,8,,,,,
6,24/05/2026,0,87,81,,99,
,,1,,,,,
,,2,,,,,
,,3,,,,,
,,4,,,,,
,,5,,,,,
,,6,,,,,
,,7,,,,,
,,8,,,,,
7,12/7/2026,0,124,68,4.1,122,
,,1,,,,,
,,2,,,,,
,,3,,,,,
,,4,,,,,
,,5,,,,,
,,6,,,,,
,,7,,,,,
,,8,,,,,
,,9,,,,,
8,16/04/2026,0,162,80,,74,
,,1,,,,,
,,2,,,,,
,,3,,,,,
,,4,,,,,
,,5,,,,,
,,6,,,,,
,,7,,,,,
,,8,,,,,
9,25/05/2026,0,142,88,,70,
,,1,,,,,
,,2,,,,,
,,3,,,,,
,,4,,,,,
,,5,,,,,
,,6,,,,,
,,7,,,,,
,,8,,,,,
,,9,,,,,
10,3/8/2026,0,149,98,,72,
,4/9/2026,1,145,103,,72,
,,2,,,,,
,,3,,,,,
,,4,,,,,
,,5,,,,,
,,6,,,,,
,,7,,,,,
,,8,,,,,
11,31/09/2026,0,130,73,,97,
,,1,,,,,
,,2,,,,,
,,3,,,,,
,,4,,,,,
,,5,,,,,
,,6,,,,,
,,7,,,,,
,,8,,,,,
12,6/12/2025,0,125,67,,77,
,,1,,,,,
,,2,,,,,
,,3,,,,,
,,4,,,,,
,,5,,,,,
,,6,,,,,
,,7,,,,,
,,8,,,,,
13,3/5/2026,0,141,75,5.4,77,
,,1,,,,,
,,2,,,,,
,,3,,,,,
,,4,,,,,
,,5,,,,,
,,6,,,,,
,,7,,,,,
,,8,,,,,
,,9,,,,,
14,2/7/2026,0,111,61,,113,
,,1,,,,,
,,2,,,,,
,,3,,,,,
,,4,,,,,
,,5,,,,,
,,6,,,,,
,,7,,,,,
,,8,,,,,
15,24/3/2026,0,134,86,7.6,93,
,,1,,,,,
,,2,,,,,
,,3,,,,,
,,4,,,,,
,,5,,,,,
,,6,,,,,
,,7,,,,,
,,8,,,,,
16,6/6/2026,0,107,54,5.6,79,
,,1,,,,,
,,2,,,,,
,,3,,,,,
,,4,,,,,
,,5,,,,,
,,6,,,,,
,,7,,,,,
,,8,,,,,
17,8/7/2026,0,104,83,,78,
,,1,,,,,
,,2,,,,,
,,3,,,,,
,,4,,,,,
,,5,,,,,
,,6,,,,,
,,7,,,,,
,,8,,,,,
18,22/7/2026,0,136,80,6.3,80,
,,1,,,,,
,,2,,,,,
,,3,,,,,
,,4,,,,,
,,5,,,,,
,,6,,,,,
,,7,,,,,
19,14/5/2025,0,169,114,,81,
,15/05/2025,1,167,105,,80,
,3/7/2026,2,183,110,,69,
,4/7/2026,3,175,137,,95,
,,4,,,,,
,,5,,,,,
,,6,,,,,
,,7,,,,,
,,8,,,,,
,,9,,,,,
20,18/5/2026,0,142,105,,102,
,19/05/2026,1,146,107,,101,
,20/05/2026,2,152,114,,96,
,21/5/2026,3,138,103,,86,
,23/5/2026,4,143,105,,86,
,24/06/2026,5,148,105,,89,
,,6,,,,,
,,7,,,,,
,,8,,,,,
,,9,,,,,
21,13/7/2026,0,131,80,6.3,63,
,,1,,,,,
,,2,,,,,
,,3,,,,,
,,4,,,,,
,,5,,,,,
,,6,,,,,
,,7,,,,,
,,8,,,,,
22,16/5/2026,0,99,58,,67,
,,1,,,,,
,,2,,,,,
,,3,,,,,
,,4,,,,,
,,5,,,,,
,,6,,,,,
,,7,,,,,
23,24/4/2026,0,110,74,,70,
,,1,,,,,
,,2,,,,,
,,3,,,,,
,,4,,,,,
,,5,,,,,
,,6,,,,,
,,7,,,,,
24,19/10/2026,0,143,88,,88,
,21/07/2026,1,146,86,,55,
,,2,,,,,
,,3,,,,,
,,4,,,,,
,,5,,,,,
,,6,,,,,
,,7,,,,,
25,18/7/2026,0,87,48,,101,
,,1,,,,,
,,2,,,,,
,,3,,,,,
,,4,,,,,
,,5,,,,,
,,6,,,,,
,,7,,,,,
26,16/5/2026,0,144,88,4.5,73,
,,1,,,,,
,,2,,,,,
,,3,,,,,
,,4,,,,,
,,5,,,,,
,,6,,,,,
,,7,,,,,
27,20/5/2026,0,109,56,3.8,70,
,,1,,,,,
,,2,,,,,
,,3,,,,,
,,4,,,,,
,,5,,,,,
,,6,,,,,
,,7,,,,,
,,8,,,,,
28,24/4/2026,0,114,66,,97,
,,1,,,,,
,,2,,,,,
,,3,,,,,
,,4,,,,,
,,5,,,,,
,,6,,,,,
,,7,,,,,
29,30/4/2026,0,121,74,,88,
,,1,,,,,
,,2,,,,,
,,3,,,,,
,,4,,,,,
,,5,,,,,
,,6,,,,,
,,7,,,,,
,,8,,,,,
30,25/7/2026,0,122,74,,113,
,,1,,,,,
,,2,,,,,
,,3,,,,,
,,4,,,,,
,,5,,,,,
,,6,,,,,
,,7,,,,,
,,8,,,,,
31,17/3/2026,0,118,64,,104,
,,1,,,,,
,,2,,,,,
,,3,,,,,
,,4,,,,,
,,5,,,,,
,,6,,,,,
,,7,,,,,
32,15/5/2026,0,154,91,,90,
,,1,,,,,
,,2,,,,,
,,3,,,,,
,,4,,,,,
,,5,,,,,
,,6,,,,,
,,7,,,,,
33,20/12/2025,0,108,61,,73,
,,1,,,,,
,,2,,,,,
,,3,,,,,
,,4,,,,,
,,5,,,,,
,,6,,,,,
,,7,,,,,
,,8,,,,,
34,17/4/2026,0,132,73,,68,
,,1,,,,,
,,2,,,,,
,,3,,,,,
,,4,,,,,
,,5,,,,,
,,6,,,,,
,,7,,,,,
,,8,,,,,
35,4/1/2026,0,128,78,6,104,
,25/4/2026,1,104,80,6,114,
,14/5/2026,2,141,96,,99,
,15/5/2026,3,110,88,,117,
,16/5/2026,4,140,68,,90,
,17/5/2026,5,139,80,,91,
,18/5/2026,6,125,88,,111,
,,7,,,,,
,,8,,,,,
36,2/1/2016,0,125,79,,67,
,,1,,,,,
,,2,,,,,
,,3,,,,,
,,4,,,,,
,,5,,,,,
,,6,,,,,
,,7,,,,,
37,15/5/2026,0,123,76,,75,
,,1,,,,,
,,2,,,,,
,,3,,,,,
,,4,,,,,
,,5,,,,,
,,6,,,,,
,,7,,,,,
,,8,,,,,
38,22/6/2026,0,142,103,,113,
,,1,,,,,
,,2,,,,,
,,3,,,,,
,,4,,,,,
,,5,,,,,
,,6,,,,,
,,7,,,,,
,,8,,,,,
39,15/4/2026,0,122,63,,84,
,,1,,,,,
,,2,,,,,
,,3,,,,,
,,4,,,,,
,,5,,,,,
,,6,,,,,
,,7,,,,,
,,8,,,,,
40,25/2/2026,0,108,72,,110,
,,1,,,,,
,,2,,,,,
,,3,,,,,
,,4,,,,,
,,5,,,,,
,,6,,,,,
,,7,,,,,
41,7/6/2026,0,132,71,7.2,113,
,,1,,,,,
,,2,,,,,
,,3,,,,,
,,4,,,,,
,,5,,,,,
,,6,,,,,
,,7,,,,,
42,31/7/2026,0,156,113,5.1,91,
,,1,,,,,
,,2,,,,,
,,3,,,,,
,,4,,,,,
,,5,,,,,
,,6,,,,,
,,7,,,,,
,,8,,,,,
43,29/07/2026,0,156,113,5.1,91,
,,1,,,,,
,,2,,,,,
,,3,,,,,
,,4,,,,,
,,5,,,,,
,,6,,,,,
,,7,,,,,
,,8,,,,,
44,27/7/2026,0,124,76,,81,
,,1,,,,,
,,2,,,,,
,,3,,,,,
,,4,,,,,
,,5,,,,,
,,6,,,,,
,,7,,,,,
45,29/4/2026,0,105,77,,81,
,,1,,,,,
,,2,,,,,
,,3,,,,,
,,4,,,,,
,,5,,,,,
,,6,,,,,
,,7,,,,,
46,6/4/2026,0,104,79,,98,
,,1,,,,,
,,2,,,,,
,,3,,,,,
,,4,,,,,
,,5,,,,,
,,6,,,,,
,,7,,,,,
47,6/2/2026,0,113,57,,84,
,,1,,,,,
,,2,,,,,
,,3,,,,,
,,4,,,,,
,,5,,,,,
,,6,,,,,
,,7,,,,,
48,25/9/2024,0,158,97,,88,
,9/1/2025,1,101,72,,109,
,23/1/2025,2,112,75,,107,
,,3,,,,,
,,4,,,,,
,,5,,,,,
,,6,,,,,
,,7,,,,,
49,20/1/2023,0,104,71,,73,
,,1,,,,,
,,2,,,,,
,,3,,,,,
,,4,,,,,
,,5,,,,,
,,6,,,,,
,,7,,,,,
,,8,,,,,
50,17/2/2026,0,131,80,5.9,91,
,,1,,,,,
,,2,,,,,
,,3,,,,,
,,4,,,,,
,,5,,,,,
,,6,,,,,
,,7,,,,,
,,8,,,,,
51,4/3/2026,0,98,62,,71,
,,1,,,,,
,,2,,,,,
,,3,,,,,
,,4,,,,,
,,5,,,,,
,,6,,,,,
,,7,,,,,
,,8,,,,,
52,28/6/2026,0,121,91,5.9,123,
,,1,,,,,
,,2,,,,,
,,3,,,,,
,,4,,,,,
,,5,,,,,
,,6,,,,,
,,7,,,,,
,,8,,,,,
53,26/1/2026,0,116,76,6.1,96,
,27/1/2026,1,85,65,,95,
,4/4/2026,2,105,64,,108,
,,3,,,,,
,,4,,,,,
,,5,,,,,
,,6,,,,,
,,7,,,,,
,,8,,,,,
54,24/4/2026,0,105,55,,132,
,,1,,,,,
,,2,,,,,
,,3,,,,,
,,4,,,,,
,,5,,,,,
,,6,,,,,
,,7,,,,,
,,8,,,,,
55,14/7/2026,0,119,87,,98,
,,1,,,,,
,,2,,,,,
,,3,,,,,
,,4,,,,,
,,5,,,,,
,,6,,,,,
,,7,,,,,
,,8,,,,,
56,26-Aug,0,108,70,5.6,64,
,,1,,,,,
,,2,,,,,
,,3,,,,,
,,4,,,,,
,,5,,,,,
,,6,,,,,
,,7,,,,,
,,8,,,,,
57,13/5/2026,0,104,93,,83,
,,1,,,,,
,,2,,,,,
,,3,,,,,
,,4,,,,,
,,5,,,,,
,,6,,,,,
,,7,,,,,
,,8,,,,,
58,19/5/2026,0,131,81,,81,
,,1,,,,,
,,2,,,,,
,,3,,,,,
,,4,,,,,
,,5,,,,,
,,6,,,,,
,,7,,,,,
59,,,,,,,
